{
  "regression": {
    "results": {
      "Random Forest": {
        "RMSE": 85.78,
        "MAE": 77.46,
        "R2": -4.419,
        "predictions": [
          0.0,
          0.0,
          0.0,
          0.0,
          0.0,
          0.0,
          0.0,
          0.0,
          0.0,
          0.0,
          0.0,
          0.0,
          0.0,
          0.0,
          0.0,
          0.0,
          0.0,
          0.0,
          0.0,
          0.0,
          0.0,
          0.0,
          0.0,
          0.0,
          0.0,
          0.0,
          0.0,
          0.0,
          0.0,
          0.0,
          0.0,
          0.0,
          0.0,
          0.0,
          0.0,
          0.0,
          0.0,
          0.0,
          0.0,
          0.0,
          0.0,
          0.0,
          0.0,
          0.0,
          0.0,
          0.0,
          0.0,
          0.0,
          0.0,
          0.0
        ],
        "actuals": [
          32,
          109,
          97,
          68,
          94,
          70,
          44,
          45,
          166,
          39,
          111,
          62,
          38,
          46,
          139,
          79,
          61,
          159,
          99,
          62,
          57,
          37,
          62,
          41,
          45,
          76,
          24,
          128,
          73,
          74,
          80,
          39,
          155,
          140,
          48,
          50,
          97,
          130,
          67,
          30,
          79,
          96,
          47,
          50,
          108,
          43,
          92,
          49,
          125,
          111
        ]
      },
      "Gradient Boosting": {
        "RMSE": 84.8,
        "MAE": 76.57,
        "R2": -4.296,
        "predictions": [
          0.2712808266566352,
          0.4023292240928404,
          1.2544858744112626,
          1.2837073964990133,
          1.4126692017926183,
          0.5925524405097193,
          0.7084704050844722,
          0.04829754910354315,
          1.684985224667045,
          0.5794097491780684,
          0.9435362278224382,
          0.6343661660033996,
          0.26843959274353435,
          0.38769594241422717,
          1.6115654118452492,
          0.8955045026573438,
          0.8106706446576378,
          2.1008317677618433,
          0.9721046345397585,
          0.5685992958717048,
          0.07509111320424561,
          1.1359671215502094,
          0.5523804542945957,
          0.5965580192000685,
          0.41851735734986384,
          0.9601133452188477,
          0.08696790671293005,
          0.9746763513541639,
          1.1187704012130317,
          1.0077425831093971,
          0.9333733236699678,
          0.11215302806643399,
          2.346109314779413,
          1.9091257343281787,
          1.029478736391717,
          0.8909914195975743,
          0.8936349117908611,
          1.7411160355658168,
          1.067726749698319,
          0.6073829456063597,
          0.6186271113497794,
          0.9758727797578486,
          0.6631810888152752,
          0.2903383579710287,
          0.9819499219276613,
          0.5563005232589813,
          1.1885222948212273,
          0.5943973045813553,
          1.5861301382131807,
          0.9699948631637377
        ],
        "actuals": [
          32,
          109,
          97,
          68,
          94,
          70,
          44,
          45,
          166,
          39,
          111,
          62,
          38,
          46,
          139,
          79,
          61,
          159,
          99,
          62,
          57,
          37,
          62,
          41,
          45,
          76,
          24,
          128,
          73,
          74,
          80,
          39,
          155,
          140,
          48,
          50,
          97,
          130,
          67,
          30,
          79,
          96,
          47,
          50,
          108,
          43,
          92,
          49,
          125,
          111
        ]
      },
      "Ridge Regression": {
        "RMSE": 88.58,
        "MAE": 84.68,
        "R2": -4.779,
        "predictions": [
          144.6665878160222,
          166.1755217541919,
          168.28704110911056,
          172.06671577122913,
          159.29649910387903,
          168.27618704910697,
          158.56683661976047,
          144.47959318326795,
          187.44349468718463,
          143.2007115037024,
          171.65195014876156,
          156.29308130219505,
          134.860831900082,
          140.520384398619,
          171.90178052310364,
          162.5853179818127,
          169.42005686447152,
          194.19669885225196,
          170.3147596375522,
          153.21299288310786,
          149.53730299609032,
          172.33742448027363,
          148.88972941901966,
          153.6273193018485,
          148.91168183568803,
          171.94518868043633,
          135.77766794446234,
          177.40116941421076,
          174.5438335032194,
          152.2431462369359,
          171.68824062312513,
          135.3245136685612,
          190.87553911630295,
          175.4190744037116,
          162.52038020360354,
          170.01123807745284,
          153.75787371603724,
          186.41626487369223,
          167.55969716193098,
          146.9554964659821,
          161.94286483021295,
          178.21274664294012,
          147.0869723453908,
          136.11206888441478,
          176.86422887336815,
          145.37979032198538,
          174.13878183365085,
          151.56751996459505,
          175.7854337934723,
          176.54457782842826
        ],
        "actuals": [
          32,
          109,
          97,
          68,
          94,
          70,
          44,
          45,
          166,
          39,
          111,
          62,
          38,
          46,
          139,
          79,
          61,
          159,
          99,
          62,
          57,
          37,
          62,
          41,
          45,
          76,
          24,
          128,
          73,
          74,
          80,
          39,
          155,
          140,
          48,
          50,
          97,
          130,
          67,
          30,
          79,
          96,
          47,
          50,
          108,
          43,
          92,
          49,
          125,
          111
        ]
      }
    },
    "best_model": "Gradient Boosting"
  },
  "classification": {
    "results": {
      "Random Forest": {
        "Accuracy": 0.82,
        "Precision": 0.182,
        "Recall": 1.0,
        "F1": 0.308,
        "AUC": 0.948,
        "predictions": [
          1,
          0,
          0,
          0,
          0,
          0,
          1,
          0,
          0,
          1,
          0,
          0,
          1,
          1,
          0,
          0,
          0,
          0,
          0,
          0,
          0,
          0,
          0,
          0,
          0,
          0,
          1,
          0,
          0,
          0,
          0,
          0,
          0,
          0,
          1,
          1,
          0,
          0,
          0,
          1,
          0,
          0,
          0,
          1,
          0,
          1,
          0,
          0,
          0,
          0
        ],